ai_settings	update_ai_settings_updated_at	UPDATE	BEFORE	EXECUTE FUNCTION update_updated_at_column()
bank_payment_settings	update_bank_payment_settings_updated_at	UPDATE	BEFORE	EXECUTE FUNCTION update_updated_at_column()
batch_inventory	trg_batch_inv_touch	UPDATE	BEFORE	EXECUTE FUNCTION touch_batch_inventory()
booking_consumables	update_booking_consumables_updated_at	UPDATE	BEFORE	EXECUTE FUNCTION update_updated_at_column()
booking_payments	update_booking_payments_updated_at	UPDATE	BEFORE	EXECUTE FUNCTION update_updated_at_column()
chargeable_consumptions	trg_validate_chargeable_approval	INSERT	BEFORE	EXECUTE FUNCTION validate_chargeable_approval_status()
chargeable_consumptions	trg_validate_chargeable_approval	UPDATE	BEFORE	EXECUTE FUNCTION validate_chargeable_approval_status()
compensation_requests	update_compensation_requests_updated_at	UPDATE	BEFORE	EXECUTE FUNCTION update_updated_at_column()
distribution_order_batches	update_distribution_order_batches_updated_at	UPDATE	BEFORE	EXECUTE FUNCTION update_updated_at_column()
distribution_order_rooms	trg_auto_assign_batch_number	INSERT	BEFORE	EXECUTE FUNCTION auto_assign_batch_number()
distribution_order_rooms	trg_auto_create_batch_records	INSERT	AFTER	EXECUTE FUNCTION auto_create_batch_records()
distribution_order_rooms	trg_auto_update_order_floor	INSERT	AFTER	EXECUTE FUNCTION auto_update_order_floor()
distribution_order_rooms	trigger_distribution_order_status	UPDATE	AFTER	EXECUTE FUNCTION update_distribution_order_status()
hotel_policy	hotel_policy_versioning	UPDATE	BEFORE	EXECUTE FUNCTION trg_hotel_policy_history()
hotels	hotels_before_insert	INSERT	BEFORE	EXECUTE FUNCTION hotels_generate_code()
hotels	hotels_updated_at	UPDATE	BEFORE	EXECUTE FUNCTION update_updated_at_column()
hotels	trg_check_hotel_quota	INSERT	BEFORE	EXECUTE FUNCTION trigger_check_tenant_quota()
housekeeping_tasks	trg_audit_housekeeping_tasks	DELETE	AFTER	EXECUTE FUNCTION fn_write_audit_log()
housekeeping_tasks	trg_audit_housekeeping_tasks	UPDATE	AFTER	EXECUTE FUNCTION fn_write_audit_log()
housekeeping_tasks	trg_audit_housekeeping_tasks	INSERT	AFTER	EXECUTE FUNCTION fn_write_audit_log()
housekeeping_tasks	trg_enforce_read_only	UPDATE	BEFORE	EXECUTE FUNCTION enforce_read_only_mutation()
housekeeping_tasks	trg_enforce_read_only	INSERT	BEFORE	EXECUTE FUNCTION enforce_read_only_mutation()
housekeeping_tasks	trg_enforce_read_only	DELETE	BEFORE	EXECUTE FUNCTION enforce_read_only_mutation()
housekeeping_tasks	trg_notify_task_rejected	UPDATE	AFTER	EXECUTE FUNCTION notify_task_rejected()
housekeeping_tasks	update_housekeeping_tasks_updated_at	UPDATE	BEFORE	EXECUTE FUNCTION update_updated_at_column()
inventory_transactions	inventory_transactions_before_insert	INSERT	BEFORE	EXECUTE FUNCTION inventory_transactions_generate_code()
inventory_transactions	trg_enforce_read_only	DELETE	BEFORE	EXECUTE FUNCTION enforce_read_only_mutation()
inventory_transactions	trg_enforce_read_only	UPDATE	BEFORE	EXECUTE FUNCTION enforce_read_only_mutation()
inventory_transactions	trg_enforce_read_only	INSERT	BEFORE	EXECUTE FUNCTION enforce_read_only_mutation()
inventory_transactions	trg_inventory_out_reorder	INSERT	AFTER	EXECUTE FUNCTION tg_inventory_out_update_reorder()
invoices	trg_enforce_read_only	UPDATE	BEFORE	EXECUTE FUNCTION enforce_read_only_mutation()
invoices	trg_enforce_read_only	INSERT	BEFORE	EXECUTE FUNCTION enforce_read_only_mutation()
invoices	trg_enforce_read_only	DELETE	BEFORE	EXECUTE FUNCTION enforce_read_only_mutation()
invoices	trigger_invoices_generate_number	INSERT	BEFORE	EXECUTE FUNCTION invoices_generate_number()
invoices	update_invoices_updated_at	UPDATE	BEFORE	EXECUTE FUNCTION update_updated_at_column()
item_categories	item_categories_updated_at	UPDATE	BEFORE	EXECUTE FUNCTION update_updated_at_column()
item_images	trg_item_image_primary	INSERT	BEFORE	EXECUTE FUNCTION handle_item_image_primary()
item_images	trg_item_image_primary	UPDATE	BEFORE	EXECUTE FUNCTION handle_item_image_primary()
item_units	update_item_units_updated_at	UPDATE	BEFORE	EXECUTE FUNCTION update_updated_at_column()
items	items_before_insert	INSERT	BEFORE	EXECUTE FUNCTION items_generate_code()
items	items_before_insert_qr	INSERT	BEFORE	EXECUTE FUNCTION items_generate_qr()
items	items_updated_at	UPDATE	BEFORE	EXECUTE FUNCTION update_updated_at_column()
items	tr_validate_item_category_hotel	UPDATE	BEFORE	EXECUTE FUNCTION validate_item_category_hotel()
items	tr_validate_item_category_hotel	INSERT	BEFORE	EXECUTE FUNCTION validate_item_category_hotel()
items	trg_check_item_quota	INSERT	BEFORE	EXECUTE FUNCTION trigger_check_tenant_quota()
items	trigger_auto_classify_item_type	INSERT	BEFORE	EXECUTE FUNCTION auto_classify_item_type()
laundry_batch_items	laundry_batch_items_inventory_trigger	INSERT	AFTER	EXECUTE FUNCTION laundry_batch_items_update_inventory()
laundry_batch_items	laundry_batch_items_inventory_trigger	UPDATE	AFTER	EXECUTE FUNCTION laundry_batch_items_update_inventory()
laundry_batches	laundry_batches_before_insert	INSERT	BEFORE	EXECUTE FUNCTION laundry_batches_generate_code()
laundry_batches	laundry_batches_update_vendor_stats	UPDATE	AFTER	EXECUTE FUNCTION update_vendor_stats()
laundry_batches	laundry_batches_updated_at	UPDATE	BEFORE	EXECUTE FUNCTION update_updated_at_column()
laundry_batches	trg_enforce_read_only	UPDATE	BEFORE	EXECUTE FUNCTION enforce_read_only_mutation()
laundry_batches	trg_enforce_read_only	INSERT	BEFORE	EXECUTE FUNCTION enforce_read_only_mutation()
laundry_batches	trg_enforce_read_only	DELETE	BEFORE	EXECUTE FUNCTION enforce_read_only_mutation()
laundry_batches	trg_laundry_batch_policy_snapshot	INSERT	BEFORE	EXECUTE FUNCTION trg_laundry_batch_snapshot_policy()
laundry_batches	trg_update_laundry_stats	UPDATE	AFTER	EXECUTE FUNCTION trigger_update_laundry_stats()
laundry_categories	update_laundry_categories_updated_at	UPDATE	BEFORE	EXECUTE FUNCTION update_updated_at_column()
laundry_requests	update_laundry_requests_updated_at	UPDATE	BEFORE	EXECUTE FUNCTION update_updated_at_column()
laundry_vendors	laundry_vendors_before_insert	INSERT	BEFORE	EXECUTE FUNCTION laundry_vendors_generate_code()
laundry_vendors	laundry_vendors_updated_at	UPDATE	BEFORE	EXECUTE FUNCTION update_updated_at_column()
maintenance_categories	update_maintenance_categories_updated_at	UPDATE	BEFORE	EXECUTE FUNCTION update_updated_at_column()
maintenance_requests	maintenance_requests_before_insert	INSERT	BEFORE	EXECUTE FUNCTION maintenance_requests_generate_code()
maintenance_requests	maintenance_requests_updated_at	UPDATE	BEFORE	EXECUTE FUNCTION update_updated_at_column()
maintenance_requests	trg_enforce_read_only	INSERT	BEFORE	EXECUTE FUNCTION enforce_read_only_mutation()
maintenance_requests	trg_enforce_read_only	DELETE	BEFORE	EXECUTE FUNCTION enforce_read_only_mutation()
maintenance_requests	trg_enforce_read_only	UPDATE	BEFORE	EXECUTE FUNCTION enforce_read_only_mutation()
maintenance_requests	trg_update_maintenance_stats	UPDATE	AFTER	EXECUTE FUNCTION trigger_update_maintenance_stats()
notification_preferences	update_notification_preferences_updated_at	UPDATE	BEFORE	EXECUTE FUNCTION update_updated_at_column()
payment_transactions	trg_enforce_read_only	UPDATE	BEFORE	EXECUTE FUNCTION enforce_read_only_mutation()
payment_transactions	trg_enforce_read_only	INSERT	BEFORE	EXECUTE FUNCTION enforce_read_only_mutation()
payment_transactions	trg_enforce_read_only	DELETE	BEFORE	EXECUTE FUNCTION enforce_read_only_mutation()
payment_transactions	update_payment_transactions_updated_at	UPDATE	BEFORE	EXECUTE FUNCTION update_updated_at_column()
permissions	update_permissions_updated_at	UPDATE	BEFORE	EXECUTE FUNCTION update_updated_at_column()
purchase_order_items	purchase_order_items_receive_trigger	UPDATE	AFTER	EXECUTE FUNCTION purchase_order_items_receive()
purchase_order_items	purchase_order_items_update_totals	INSERT	AFTER	EXECUTE FUNCTION update_purchase_order_totals()
purchase_order_items	purchase_order_items_update_totals	UPDATE	AFTER	EXECUTE FUNCTION update_purchase_order_totals()
purchase_order_items	purchase_order_items_update_totals	DELETE	AFTER	EXECUTE FUNCTION update_purchase_order_totals()
purchase_orders	purchase_orders_before_insert	INSERT	BEFORE	EXECUTE FUNCTION purchase_orders_generate_code()
purchase_orders	purchase_orders_updated_at	UPDATE	BEFORE	EXECUTE FUNCTION update_updated_at_column()
purchase_orders	trg_enforce_read_only	DELETE	BEFORE	EXECUTE FUNCTION enforce_read_only_mutation()
purchase_orders	trg_enforce_read_only	INSERT	BEFORE	EXECUTE FUNCTION enforce_read_only_mutation()
purchase_orders	trg_enforce_read_only	UPDATE	BEFORE	EXECUTE FUNCTION enforce_read_only_mutation()
push_subscriptions	update_push_subscriptions_updated_at	UPDATE	BEFORE	EXECUTE FUNCTION update_updated_at_column()
qc_reviews	trg_audit_qc_reviews	INSERT	AFTER	EXECUTE FUNCTION fn_write_audit_log()
qc_sla_settings	trg_qc_sla_updated_at	UPDATE	BEFORE	EXECUTE FUNCTION update_updated_at_column()
reorder_suggestions	trg_reorder_suggestions_updated_at	UPDATE	BEFORE	EXECUTE FUNCTION tg_reorder_suggestions_updated_at()
roles	update_roles_updated_at	UPDATE	BEFORE	EXECUTE FUNCTION update_updated_at_column()
room_bookings	tr_prevent_booking_overlap	UPDATE	BEFORE	EXECUTE FUNCTION prevent_booking_overlap()
room_bookings	tr_prevent_booking_overlap	INSERT	BEFORE	EXECUTE FUNCTION prevent_booking_overlap()
room_bookings	trg_sync_room_status_on_booking_flag	UPDATE	AFTER	EXECUTE FUNCTION fn_sync_room_status_on_booking_flag()
room_bookings	trg_update_guest_stats_on_checkout	UPDATE	AFTER	EXECUTE FUNCTION update_guest_stats_on_checkout()
room_bookings	trigger_calculate_payment_status	INSERT	BEFORE	EXECUTE FUNCTION calculate_payment_status()
room_bookings	trigger_calculate_payment_status	UPDATE	BEFORE	EXECUTE FUNCTION calculate_payment_status()
room_bookings	update_room_bookings_updated_at	UPDATE	BEFORE	EXECUTE FUNCTION update_updated_at_column()
room_check_issues	trg_rci_outbox_fanout	INSERT	AFTER	EXECUTE FUNCTION trg_room_check_issues_outbox_fanout()
room_check_issues	trg_rci_set_charge_status	INSERT	BEFORE	EXECUTE FUNCTION trg_rci_set_charge_status()
room_check_sessions	on_room_check_session_change	DELETE	AFTER	EXECUTE FUNCTION update_staff_status_from_room_check()
room_check_sessions	on_room_check_session_change	INSERT	AFTER	EXECUTE FUNCTION update_staff_status_from_room_check()
room_checks	prevent_duplicate_room_checks	INSERT	BEFORE	EXECUTE FUNCTION check_duplicate_room_check()
room_checks	trg_audit_room_checks	INSERT	AFTER	EXECUTE FUNCTION fn_write_audit_log()
room_checks	trg_audit_room_checks	DELETE	AFTER	EXECUTE FUNCTION fn_write_audit_log()
room_checks	trg_audit_room_checks	UPDATE	AFTER	EXECUTE FUNCTION fn_write_audit_log()
room_checks	trg_enforce_read_only	UPDATE	BEFORE	EXECUTE FUNCTION enforce_read_only_mutation()
room_checks	trg_enforce_read_only	DELETE	BEFORE	EXECUTE FUNCTION enforce_read_only_mutation()
room_checks	trg_enforce_read_only	INSERT	BEFORE	EXECUTE FUNCTION enforce_read_only_mutation()
room_checks	trg_enforce_room_check_photos	INSERT	BEFORE	EXECUTE FUNCTION enforce_room_check_photos()
room_checks	trg_room_checks_set_updated_at	UPDATE	BEFORE	EXECUTE FUNCTION update_updated_at_column()
room_checks	trg_validate_room_check_entries	UPDATE	BEFORE	EXECUTE FUNCTION validate_room_check_issue_entries()
room_checks	trg_validate_room_check_entries	INSERT	BEFORE	EXECUTE FUNCTION validate_room_check_issue_entries()
room_items	room_items_inventory_trigger	DELETE	AFTER	EXECUTE FUNCTION room_items_update_inventory()
room_items	room_items_inventory_trigger	UPDATE	AFTER	EXECUTE FUNCTION room_items_update_inventory()
room_items	room_items_inventory_trigger	INSERT	AFTER	EXECUTE FUNCTION room_items_update_inventory()
room_items	tr_validate_room_item_hotel	INSERT	BEFORE	EXECUTE FUNCTION validate_room_item_hotel()
room_items	tr_validate_room_item_hotel	UPDATE	BEFORE	EXECUTE FUNCTION validate_room_item_hotel()
room_pricing_rules	update_room_pricing_rules_timestamp	UPDATE	BEFORE	EXECUTE FUNCTION update_room_pricing_rules_updated_at()
room_types	update_room_types_updated_at	UPDATE	BEFORE	EXECUTE FUNCTION update_updated_at_column()
rooms	rooms_updated_at	UPDATE	BEFORE	EXECUTE FUNCTION update_updated_at_column()
rooms	trg_audit_rooms	UPDATE	AFTER	EXECUTE FUNCTION fn_write_audit_log()
rooms	trg_check_room_quota	INSERT	BEFORE	EXECUTE FUNCTION trigger_check_tenant_quota()
rooms	trg_sync_room_legacy_status	UPDATE	BEFORE	EXECUTE FUNCTION fn_sync_room_legacy_status()
rooms	trg_sync_room_legacy_status_ins	INSERT	BEFORE	EXECUTE FUNCTION fn_sync_room_legacy_status_ins()
staff_status	trigger_log_shift_history	UPDATE	AFTER	EXECUTE FUNCTION log_shift_history()
staff_status	update_staff_status_updated_at	UPDATE	BEFORE	EXECUTE FUNCTION update_updated_at_column()
stock_adjustment_items	stock_adjustment_items_apply_trigger	UPDATE	AFTER	EXECUTE FUNCTION stock_adjustment_items_apply()
stock_adjustment_items	stock_adjustment_items_update_summary	DELETE	AFTER	EXECUTE FUNCTION update_adjustment_summary()
stock_adjustment_items	stock_adjustment_items_update_summary	UPDATE	AFTER	EXECUTE FUNCTION update_adjustment_summary()
stock_adjustment_items	stock_adjustment_items_update_summary	INSERT	AFTER	EXECUTE FUNCTION update_adjustment_summary()
stock_adjustments	stock_adjustments_before_insert	INSERT	BEFORE	EXECUTE FUNCTION stock_adjustments_generate_code()
stock_adjustments	stock_adjustments_updated_at	UPDATE	BEFORE	EXECUTE FUNCTION update_updated_at_column()
subscription_plans	update_subscription_plans_updated_at	UPDATE	BEFORE	EXECUTE FUNCTION update_updated_at_column()
supplement_requests	update_supplement_requests_updated_at	UPDATE	BEFORE	EXECUTE FUNCTION update_updated_at_column()
telegram_connections	update_telegram_connections_updated_at	UPDATE	BEFORE	EXECUTE FUNCTION update_updated_at_column()
telegram_groups	update_telegram_groups_updated_at	UPDATE	BEFORE	EXECUTE FUNCTION update_updated_at_column()
tenants	after_tenant_insert	INSERT	AFTER	EXECUTE FUNCTION on_tenant_created()
tenants	tenants_updated_at	UPDATE	BEFORE	EXECUTE FUNCTION update_updated_at_column()
tenants	trigger_calculate_grace_period	INSERT	BEFORE	EXECUTE FUNCTION calculate_grace_period_end()
tenants	trigger_calculate_grace_period	UPDATE	BEFORE	EXECUTE FUNCTION calculate_grace_period_end()
user_preferences	update_user_preferences_updated_at	UPDATE	BEFORE	EXECUTE FUNCTION update_updated_at_column()
users	trg_check_created_by	UPDATE	BEFORE	EXECUTE FUNCTION check_created_by_required()
users	trg_check_created_by	INSERT	BEFORE	EXECUTE FUNCTION check_created_by_required()
users	trg_check_user_quota	INSERT	BEFORE	EXECUTE FUNCTION trigger_check_tenant_quota()
users	trg_create_staff_status_for_new_user	INSERT	AFTER	EXECUTE FUNCTION create_staff_status_for_new_user()
users	trg_mark_primary_owner	INSERT	BEFORE	EXECUTE FUNCTION mark_primary_owner()
users	users_updated_at	UPDATE	BEFORE	EXECUTE FUNCTION update_updated_at_column()
vendors	vendors_before_insert	INSERT	BEFORE	EXECUTE FUNCTION vendors_generate_code()
vendors	vendors_updated_at	UPDATE	BEFORE	EXECUTE FUNCTION update_updated_at_column()
warehouses	ensure_single_default_warehouse_trigger	INSERT	BEFORE	EXECUTE FUNCTION ensure_single_default_warehouse()
warehouses	ensure_single_default_warehouse_trigger	UPDATE	BEFORE	EXECUTE FUNCTION ensure_single_default_warehouse()
warehouses	update_warehouses_updated_at	UPDATE	BEFORE	EXECUTE FUNCTION update_updated_at_column()
workflow_executions	update_workflow_stats_trigger	UPDATE	AFTER	EXECUTE FUNCTION update_workflow_stats()
